id,_yoast_wpseo_title,_yoast_wpseo_metadesc,_yoast_wpseo_focuskw
2722,Hard Water in Tampa Bay | What It Does to Your Plumbing,Tampa Bay has some of the hardest water in Florida. Learn how it affects your pipes fixtures and appliances — and what you can do about it.,hard water tampa bay
2803,How Long Do Water Heaters Last in Florida? | Tampa Guide,Discover how long water heaters last in Florida with Tampa-specific lifespan data costs and maintenance tips. Call Hot Water Heroes for same-day service.,water heater lifespan florida
2818,Signs Your Water Heater Is About to Fail | Tampa,Spot signs your water heater is about to fail in Tampa. Expert checklist local cost estimates and fast same-day help from Hot Water Heroes Plumbing.,signs water heater failing
2820,Why Is My Water Heater Making Popping Noises? | Tampa,Wondering why your water heater is making popping noises in Tampa? Hot Water Heroes explains causes local costs and same-day repair options.,water heater popping noises
2824,What Causes Frequent Drain Clogs in Florida? | Tampa,Learn what causes frequent drain clogs in Florida homes and how Hot Water Heroes Plumbing fixes them with same-day service and clear pricing in Tampa.,frequent drain clogs florida
2827,Tankless vs Tank Water Heater in Tampa Homes,Compare tankless vs tank water heaters in Tampa. Local cost energy efficiency and same-day licensed service from Hot Water Heroes Plumbing.,tankless vs tank water heater tampa
2872,What Causes Rusty Water from a Hot Water Heater? | Tampa,Discover what causes rusty water from a hot water heater in Tampa. Expert troubleshooting local costs and same-day service from licensed technicians.,rusty water from water heater
2874,Why Does My Water Heater Run Out of Hot Water? | Tampa,Why does your water heater run out of hot water quickly in Tampa? Learn causes local costs and same-day repair options from Hot Water Heroes Plumbing.,water heater runs out of hot water
2876,Common Water Heater Problems in Tampa Homes,Discover common water heater problems in Tampa homes local causes repair vs replace advice and cost expectations. Fast licensed service available.,common water heater problems tampa
2878,Water Heater Maintenance Checklist for FL Homeowners,A practical water heater maintenance checklist for Florida homeowners in Tampa — prevent breakdowns reduce costs and schedule local annual checks.,water heater maintenance checklist florida
2880,How Hard Water Affects Your Water Heater Lifespan | Tampa,Learn how hard water affects your water heater lifespan in Tampa. Local tips cost expectations and same-day service from licensed technicians.,hard water water heater lifespan
2885,Can a Leaking Water Heater Be Repaired? | Tampa Guide,Can a leaking water heater be repaired in Tampa? Expert guide from Hot Water Heroes Plumbing with local costs causes and same-day repair options.,leaking water heater repair tampa
2887,Signs Your Tankless Water Heater Needs Service | Tampa,Learn the signs your tankless water heater needs service in Tampa. Fast local inspections clear pricing and same-day repairs from licensed technicians.,tankless water heater needs service
2889,Best Time to Replace a Water Heater in Florida,Learn the best time of year to replace a water heater in Florida with Tampa-specific timing costs and same-day service from Hot Water Heroes.,best time replace water heater florida
2891,Why Does My Shower Drain Smell? | Tampa Guide,Discover why your shower drain smells in Tampa the local causes costs and when to call Hot Water Heroes Plumbing for same-day drain service.,shower drain smell tampa
2893,Why Is My Water Bill So High in Tampa? | Causes & Fixes,Discover why your water bill is suddenly high in Tampa with local causes costs and repair guidance from Hot Water Heroes Plumbing to fix leaks fast.,high water bill tampa
2901,High Water Bill in Tampa? How to Investigate | HWH,Learn why your water bill is suddenly high in Tampa with local causes costs and steps to fix leaks. Call Hot Water Heroes for fast water leak repair.,water bill high tampa investigate
2904,High Water Bill Tampa: How to Find Leaks & Spikes,Learn why your water bill is suddenly high in Tampa how to find leaks and Tampa repair costs. Call Hot Water Heroes for fast water leak repair.,high water bill tampa leaks
2957,Hard Water Problems in Tampa Florida | Local Guide,Hard water problems in Tampa Florida cause scale corrosion and higher bills. Learn causes costs and fixes from Hot Water Heroes Plumbing today.,hard water problems tampa florida
2960,Low Water Pressure in Florida Homes | Tampa Fix Guide,Learn what causes low water pressure in Florida homes with Tampa-specific tips costs and fixes. Call Hot Water Heroes Plumbing today.,low water pressure florida homes
2963,Water Heater Energy Rebates in Tampa | Save Today,Explore water heater energy rebates Tampa offers utility incentives and tax credits to reduce heat pump water heater costs. Learn how to qualify.,water heater energy rebates tampa
2966,Signs of a Main Sewer Line Clog | Tampa Checklist,Learn the signs of a main sewer line clog in Tampa. Spot sewer backup warning signs early with this expert checklist and call for fast service.,signs main sewer line clog tampa
2969,Hydro Jetting vs Drain Snaking | Tampa Comparison,Compare hydro jetting vs drain snaking for Tampa homes. Learn local costs risks hard water impact and when to call professional drain cleaning experts.,hydro jetting vs drain snaking tampa
2972,Why Does My Kitchen Sink Keep Backing Up? | Tampa,Discover why your kitchen sink keeps backing up in Tampa and get DIY fixes cost ranges and when to call our drain cleaning experts for help.,kitchen sink backing up tampa
2975,Tree Roots in Sewer Lines | Tampa Homeowner Guide,Learn how tree roots in sewer lines cause clogs in Tampa homes inspection steps and cost ranges for repair and trenchless options. Call for an estimate.,tree roots sewer lines tampa
2984,Slow Draining Bathtub Causes & Fixes | Tampa Guide,Learn the top slow draining bathtub causes and fixes in Tampa. Discover expert solutions cost tips and fast field-tested repairs for Tampa Bay homeowners.,slow draining bathtub tampa
3013,Tank vs Tankless Water Heaters | Which Is Right?,Understanding the difference between tank and tankless water heaters to make the best choice for your Tampa Bay home. Compare costs and efficiency.,tank vs tankless water heaters
3014,Guide to Preventing Plumbing Emergencies | Tampa,Simple maintenance tips every Tampa Bay homeowner should know to prevent costly plumbing disasters. Expert advice from Hot Water Heroes Plumbing.,preventing plumbing emergencies tampa
3015,What to Expect When You Call a Plumber | Tampa,A step-by-step walkthrough of the Hot Water Heroes service experience from your first call to job completion. Know what to expect before we arrive.,what to expect call a plumber
3016,5 Signs You Need to Replace Your Water Heater,How to tell if your water heater is on its last legs and when it makes sense to repair vs replace. Expert guidance from Hot Water Heroes Tampa.,signs need replace water heater
3017,Why Tampa Homes Need Annual Plumbing Inspections,Florida homes face unique plumbing challenges. Here is why an annual inspection can save Tampa homeowners thousands in repair costs every year.,annual plumbing inspection tampa
3018,Hard Water in Tampa Bay | What It Does to Your Plumbing,Tampa Bay has some of the hardest water in Florida. Learn exactly how it affects your pipes fixtures and appliances and what filtration options can help.,hard water tampa bay plumbing
