id,Content,_yoast_wpseo_title,_yoast_wpseo_metadesc,_yoast_wpseo_focuskw
1249,,Water Leak Repair Tampa | Fast Detection & Fix,"Hidden water leak? Restowrx Elite finds and fixes leaks fast in Tampa. Electronic detection, same-day repairs, upfront pricing. Call 813-42-PLUMB.",water leak repair tampa
1258,,Pipe Repair Tampa | Burst & Leaking Pipe Experts,"Need pipe repair in Tampa? We fix burst, leaking, corroded, and sewer pipes fast. Trenchless options available. Licensed plumbers — call today.",pipe repair tampa
1326,,Drain Cleaning Tampa | Clogged Drain Experts,"Clogged drain in Tampa? Professional drain cleaning with hydro jetting and camera inspection. Same-day service, upfront pricing. Call Restowrx Elite.",drain cleaning tampa
1340,,Water Heater Repair Tampa | Same-Day Hot Water Fix,"No hot water? Fast water heater repair in Tampa for tank and tankless systems. Licensed plumbers, upfront pricing, same-day service. Call now.",water heater repair tampa
1666,,Sewer Line Repair Tampa | Trenchless Sewer Service,"Sewer line problems in Tampa? We diagnose and repair cracked, collapsed, and root-damaged sewer lines. Trenchless options available. Call today.",sewer line repair tampa
1667,,Water Heater Installation Tampa | Tank & Tankless,"Need a new water heater installed in Tampa? Professional installation for tank and tankless systems. Proper sizing, permits, and upfront pricing.",water heater installation tampa
1668,,Leak Detection Tampa | Find Hidden Leaks Fast,"Suspect a hidden leak in Tampa? Advanced electronic and thermal leak detection finds leaks behind walls and under slabs. Non-invasive. Call today.",leak detection tampa
1669,,Tankless Water Heater Repair Tampa | Expert Service,"Tankless water heater problems in Tampa? We repair all brands — error codes, no hot water, temperature drops. Same-day diagnosis. Call now.",tankless water heater repair tampa
1670,,Water Heater Maintenance Tampa | Annual Service,"Extend your water heater's life with annual maintenance in Tampa. Tank flushing, anode rod checks, safety inspections. Prevent breakdowns — book now.",water heater maintenance tampa
3061,"<h2>Water Filtration Services in Tampa, FL</h2>

<p>Tampa's municipal water supply is safe to drink, but that doesn't mean it's free of issues. Hard water minerals, chlorine taste, sediment, and trace contaminants are common concerns across Hillsborough County. Professional <strong>water filtration Tampa</strong> services from Restowrx Elite help homeowners enjoy cleaner, better-tasting water while protecting their plumbing and appliances from mineral damage.</p>

<p>Whether you're dealing with hard water scale, unpleasant taste or odor, or want an extra layer of protection for your family, a properly sized and installed filtration system makes a measurable difference in water quality and appliance longevity.</p>

<hr />

<h2><strong>Why Tampa Homes Need Water Filtration</strong></h2>

<p>Tampa Bay's water is known for high mineral content — calcium and magnesium levels that cause hard water buildup throughout your plumbing system. This mineral-rich water leaves white scale on fixtures, clogs water heater elements, reduces soap efficiency, and shortens the lifespan of dishwashers and washing machines. Coastal salt air compounds the problem by accelerating corrosion on exposed plumbing components.</p>

<p>Common water quality concerns in Tampa homes include:</p>

<ul>
<li>Hard water deposits causing scale buildup in pipes and on fixtures</li>
<li>Chlorine taste and odor from municipal water treatment</li>
<li>Sediment and particulates from aging water infrastructure</li>
<li>Iron and manganese causing rust-colored staining on sinks and laundry</li>
<li>Concern about lead, PFAS, or other trace contaminants in older neighborhoods</li>
</ul>

<p>Addressing these issues with a professional filtration system protects your family's health, extends the life of your plumbing and appliances, and improves the taste and clarity of every tap in your home.</p>

<hr />

<h2><strong>Types of Water Filtration Systems We Install</strong></h2>

<p>Not every home needs the same solution. Our licensed technicians evaluate your water quality, household size, and plumbing configuration to recommend the right system. We install and service the following types of <strong>water filtration systems in Tampa</strong>:</p>

<ul>
<li><strong>Whole-house water filters:</strong> Installed at the main water line to filter every tap, shower, and appliance in your home. Removes sediment, chlorine, and particulates before water enters your plumbing.</li>
<li><strong>Water softeners:</strong> Ion-exchange systems that remove calcium and magnesium to eliminate hard water scale. Essential for protecting water heaters, dishwashers, and fixtures in Tampa's hard water areas.</li>
<li><strong>Reverse osmosis (RO) systems:</strong> Point-of-use systems typically installed under the kitchen sink for high-purity drinking water. Removes up to 99% of dissolved contaminants including lead, fluoride, and PFAS.</li>
<li><strong>Carbon filtration systems:</strong> Effective for removing chlorine taste and odor, organic compounds, and improving overall water taste throughout your home.</li>
<li><strong>UV water purification:</strong> Uses ultraviolet light to kill bacteria and viruses without chemicals. Ideal as a supplemental system for homes with well water or additional safety concerns.</li>
</ul>

<p>Each system is sized to match your household's water usage and installed with proper bypass valves and connections for easy maintenance.</p>

<hr />

<h2><strong>How Water Filtration Protects Your Plumbing</strong></h2>

<p>Water filtration isn't just about drinking water — it's about protecting your entire plumbing system. In Tampa, hard water is the number one cause of premature water heater failure, clogged fixtures, and reduced appliance efficiency. A properly installed water softener or whole-house filter directly extends the life of your plumbing investment.</p>

<p>Homes with water filtration systems typically experience fewer calls for <strong>Water Heater Repair</strong> and <strong>Pipe Repair</strong> because mineral buildup is dramatically reduced. Scale-free pipes maintain better water pressure, heating elements last longer, and fixtures stay cleaner with less maintenance.</p>

<p>For homes already experiencing hard water damage, we may recommend combining filtration installation with <strong>Drain Cleaning</strong> or <strong>Water Heater Maintenance</strong> to remove existing buildup and maximize the benefit of the new system.</p>

<hr />

<h2><strong>Water Filtration Costs in Tampa</strong></h2>

<p>The cost of <strong>water filtration Tampa</strong> homeowners experience depends on the type of system, home size, and installation complexity. Typical local price ranges include:</p>

<ul>
<li><strong>Whole-house carbon filter:</strong> $800–$2,000 installed</li>
<li><strong>Water softener system:</strong> $1,200–$3,500 installed, depending on capacity and brand</li>
<li><strong>Reverse osmosis (under-sink):</strong> $300–$800 installed</li>
<li><strong>Whole-house combination systems (softener + filter):</strong> $2,000–$5,000 installed</li>
</ul>

<p>These Tampa-area estimates include equipment, installation labor, and basic plumbing connections. Homes with older plumbing, non-standard pipe sizes, or well water may require additional work. We provide clear, written estimates before any work begins so you can make an informed decision.</p>

<p>Compared to the ongoing cost of replacing scale-damaged water heaters, corroded fixtures, and higher energy bills from mineral-clogged systems, water filtration typically pays for itself within 2–4 years for most Tampa homeowners.</p>

<hr />

<h2><strong>Our Water Filtration Process</strong></h2>

<p>Professional water filtration installation from Restowrx Elite follows a straightforward process designed for lasting results:</p>

<ol>
<li><strong>Water Quality Assessment:</strong> We test your water for hardness, chlorine, sediment, pH, and other relevant factors to determine exactly what needs to be filtered.</li>
<li><strong>System Recommendation:</strong> Based on your water quality, household size, budget, and goals, we recommend the right system — not the most expensive one.</li>
<li><strong>Professional Installation:</strong> Licensed technicians install the system with proper connections, bypass valves, and drainage. Everything meets local plumbing codes.</li>
<li><strong>Testing &amp; Walkthrough:</strong> After installation, we test water quality to confirm the system is working correctly and walk you through basic maintenance and filter replacement schedules.</li>
</ol>

<p>Our technicians are licensed and insured, and we provide transparent pricing with no hidden fees. Every installation includes a clear maintenance schedule so you know exactly when filters need changing.</p>

<hr />

<h2><strong>When to Consider Water Filtration</strong></h2>

<p>Consider water filtration if you notice white scale on fixtures and shower doors, soap that doesn't lather well, dry skin and hair after showering, a chlorine smell from tap water, or if you're installing a new water heater and want to protect the investment. Tampa homeowners who install filtration before or alongside a new <strong>Water Heater Installation</strong> often see the best long-term value, as the softened water dramatically extends system lifespan.</p>

<hr />

<h2><strong>Schedule Your Free Water Quality Assessment</strong></h2>

<p>Ready to improve your home's water quality? Restowrx Elite offers professional water filtration installation throughout Tampa and the greater Tampa Bay area. Our licensed, insured technicians provide honest recommendations, clear pricing, and same-day consultations when available.</p>

<p>Call Restowrx Elite today at <strong>813-42-PLUMB</strong> for a water quality assessment and find out which filtration system is right for your home. Cleaner water, protected plumbing, and better-tasting water from every tap — that's what we deliver.</p>

<h2>Frequently Asked Questions</h2>

<p><strong>Q: Do I need a water softener if I have city water in Tampa?</strong><br/>A: Yes — Tampa's municipal water is hard (averaging 15–20 grains per gallon in many areas). A softener prevents scale damage to water heaters, pipes, and appliances.</p>

<p><strong>Q: How often do water filters need to be replaced?</strong><br/>A: Most whole-house filters need replacement every 3–6 months. Softener resin lasts 10–15 years. RO membranes last 2–3 years. We provide a maintenance schedule with every installation.</p>

<p><strong>Q: Will a water softener affect my water heater?</strong><br/>A: Positively — softened water reduces scale buildup on heating elements and inside tanks, extending water heater lifespan by 2–4 years on average.</p>

<p><strong>Q: Can you install a filtration system on an older Tampa home?</strong><br/>A: Yes. We work with all pipe types and configurations. Older homes may need minor plumbing adjustments, which we include in our upfront estimate.</p>

<p><strong>Q: Do you offer same-day installation?</strong><br/>A: We offer same-day consultations and can often complete installation within 1–2 business days depending on system type and parts availability.</p>

<script type=""application/ld+json"">{""@context"":""https://schema.org"",""@type"":""FAQPage"",""mainEntity"":[{""@type"":""Question"",""name"":""Do I need a water softener if I have city water in Tampa?"",""acceptedAnswer"":{""@type"":""Answer"",""text"":""Yes — Tampa's municipal water is hard, averaging 15–20 grains per gallon in many areas. A softener prevents scale damage to water heaters, pipes, and appliances.""}},{""@type"":""Question"",""name"":""How often do water filters need to be replaced?"",""acceptedAnswer"":{""@type"":""Answer"",""text"":""Most whole-house filters need replacement every 3–6 months. Softener resin lasts 10–15 years. RO membranes last 2–3 years.""}},{""@type"":""Question"",""name"":""Will a water softener affect my water heater?"",""acceptedAnswer"":{""@type"":""Answer"",""text"":""Positively — softened water reduces scale buildup on heating elements and inside tanks, extending water heater lifespan by 2–4 years on average.""}},{""@type"":""Question"",""name"":""Can you install a filtration system on an older Tampa home?"",""acceptedAnswer"":{""@type"":""Answer"",""text"":""Yes. We work with all pipe types and configurations. Older homes may need minor plumbing adjustments, included in our upfront estimate.""}},{""@type"":""Question"",""name"":""Do you offer same-day installation?"",""acceptedAnswer"":{""@type"":""Answer"",""text"":""We offer same-day consultations and can often complete installation within 1–2 business days depending on system type and parts availability.""}}]}</script>",Water Filtration Tampa | Softeners & Whole-House Filters,"Hard water ruining your plumbing? Professional water filtration in Tampa — softeners, whole-house filters, and RO systems. Free water quality assessment.",water filtration tampa
