id,Title,Content,Excerpt,_yoast_wpseo_title,_yoast_wpseo_metadesc,_yoast_wpseo_focuskw
1249,"Water Leak Repair","<!-- wp:heading {""level"":3} -->
<h3 class=""wp-block-heading"">What Is Water Leak Repair?</h3>
<!-- /wp:heading -->

<!-- wp:paragraph -->
<p>Water leak repair is a crucial service that involves identifying and fixing any unwanted leaks in your home’s plumbing system. Leaks can occur anywhere—within exposed pipes, behind walls, beneath floors, or even under the foundation. While some leaks are obvious, many remain hidden for months or years, quietly wasting water and causing serious damage.</p>
<!-- /wp:paragraph -->

<!-- wp:paragraph -->
<p>The dangers of ignoring a leak are significant. Constant moisture can weaken structural components, promote mold and mildew growth, damage drywall and flooring, and drive up your monthly water bills. A small drip today can turn into a major repair tomorrow if left untreated.</p>
<!-- /wp:paragraph -->

<!-- wp:paragraph -->
<p>At Restowrx Elite, we understand the urgency and importance of water leak repair. Using the latest in leak detection technology—such as electronic listening devices, infrared cameras, and pressure testing—we locate leaks quickly and accurately, even in the most hard-to-reach places. Our highly trained technicians then perform repairs using durable, industry-approved materials and methods, ensuring the problem won’t come back.</p>
<!-- /wp:paragraph -->

<!-- wp:paragraph -->
<p>From repairing a leaking faucet or valve to replacing corroded or damaged pipes, no job is too small or too complex for our expert team. We prioritize minimizing disruption to your home, working efficiently and cleaning up thoroughly after every job.</p>
<!-- /wp:paragraph -->

<!-- wp:separator -->
<hr class=""wp-block-separator has-alpha-channel-opacity""/>
<!-- /wp:separator -->

<!-- wp:heading {""level"":3} -->
<h3 class=""wp-block-heading"">How to Know If You Have a Leak</h3>
<!-- /wp:heading -->

<!-- wp:paragraph -->
<p>Leaks don’t always announce themselves with dripping sounds or puddles on the floor. In fact, many go unnoticed until damage is done. Here are a few signs that you may have a hidden leak:</p>
<!-- /wp:paragraph -->

<!-- wp:list -->
<ul class=""wp-block-list""><!-- wp:list-item -->
<li>Unexplained increases in your water bill</li>
<!-- /wp:list-item -->

<!-- wp:list-item -->
<li>Damp or stained areas on ceilings, walls, or floors</li>
<!-- /wp:list-item -->

<!-- wp:list-item -->
<li>Persistent musty or moldy odors</li>
<!-- /wp:list-item -->

<!-- wp:list-item -->
<li>The sound of running water even when all fixtures are off</li>
<!-- /wp:list-item -->

<!-- wp:list-item -->
<li>Low water pressure or unusually wet spots in your yard</li>
<!-- /wp:list-item --></ul>
<!-- /wp:list -->

<!-- wp:paragraph -->
<p>If you notice any of these symptoms, it’s important to have a professional inspection immediately. Early leak detection not only saves you money but also protects your home’s health and safety.</p>
<!-- /wp:paragraph -->

<!-- wp:separator -->
<hr class=""wp-block-separator has-alpha-channel-opacity""/>
<!-- /wp:separator -->

<!-- wp:heading {""level"":3} -->
<h3 class=""wp-block-heading"">Our Comprehensive Leak Repair Process</h3>
<!-- /wp:heading -->

<!-- wp:paragraph -->
<p>At Restowrx Elite, we take a thorough and customer-focused approach to every leak repair job. Our process includes:</p>
<!-- /wp:paragraph -->

<!-- wp:list {""ordered"":true} -->
<ol class=""wp-block-list""><!-- wp:list-item -->
<li><strong>Initial Inspection &amp; Leak Detection:</strong> We begin with a detailed inspection using state-of-the-art equipment to pinpoint the leak’s exact location, even if it’s hidden behind walls or under concrete.</li>
<!-- /wp:list-item -->

<!-- wp:list-item -->
<li><strong>Diagnosis &amp; Transparent Communication:</strong> Once we find the leak, we explain the problem clearly and provide options for repair, ensuring you understand the work involved.</li>
<!-- /wp:list-item -->

<!-- wp:list-item -->
<li><strong>Professional Repair &amp; Restoration:</strong> Using high-quality parts and industry best practices, we repair or replace damaged pipes, valves, or fixtures. We work carefully to minimize mess and protect your home during repairs.</li>
<!-- /wp:list-item -->

<!-- wp:list-item -->
<li><strong>Testing &amp; Follow-Up:</strong> After repairs, we test the plumbing system to confirm the leak is fully resolved. We also offer advice on maintenance to prevent future leaks.</li>
<!-- /wp:list-item --></ol>
<!-- /wp:list -->

<!-- wp:paragraph -->
<p>Our team is committed to quality workmanship and excellent customer service, providing you peace of mind with every job.</p>
<!-- /wp:paragraph -->

<!-- wp:separator -->
<hr class=""wp-block-separator has-alpha-channel-opacity""/>
<!-- /wp:separator -->

<!-- wp:heading {""level"":3} -->
<h3 class=""wp-block-heading"">Why Choose Restowrx Elite?</h3>
<!-- /wp:heading -->

<!-- wp:paragraph -->
<p>Choosing the right plumbing company for leak repair can make all the difference in the outcome. Restowrx Elite stands apart because we:</p>
<!-- /wp:paragraph -->

<!-- wp:list -->
<ul class=""wp-block-list""><!-- wp:list-item -->
<li>Respond quickly and efficiently to your plumbing emergencies</li>
<!-- /wp:list-item -->

<!-- wp:list-item -->
<li>Employ licensed and highly trained plumbers with extensive leak repair experience</li>
<!-- /wp:list-item -->

<!-- wp:list-item -->
<li>Use advanced technology for accurate leak detection</li>
<!-- /wp:list-item -->

<!-- wp:list-item -->
<li>Work closely with trusted partners like RestoWRX and Spicola Construction for comprehensive home care</li>
<!-- /wp:list-item -->

<!-- wp:list-item -->
<li>Deliver honest, transparent pricing and clear communication</li>
<!-- /wp:list-item -->

<!-- wp:list-item -->
<li>Are dedicated to protecting your home and delivering lasting repairs</li>
<!-- /wp:list-item --></ul>
<!-- /wp:list -->

<!-- wp:paragraph -->
<p>Our reputation as Tampa Bay’s trusted plumbing heroes comes from our commitment to quality, reliability, and customer satisfaction.</p>
<!-- /wp:paragraph -->

<!-- wp:separator -->
<hr class=""wp-block-separator has-alpha-channel-opacity""/>
<!-- /wp:separator -->

<!-- wp:heading {""level"":3} -->
<h3 class=""wp-block-heading"">Ready for Fast, Reliable Water Leak Repair?</h3>
<!-- /wp:heading -->

<!-- wp:paragraph -->
<p>Don’t wait until a small leak causes major damage. Contact Restowrx Elite today for expert water leak repair you can trust. Our licensed professionals are ready to protect your home and restore your peace of mind.</p>
<!-- /wp:paragraph -->",,,"Expert water leak repair to protect your home from damage. Fast detection, reliable repairs, and plumbing pros you can count on.","water leak repair"
1258,"Pipe Repair","<!-- wp:paragraph -->
<p>When damaged plumbing disrupts your home, professional <strong>pipe repair Tampa</strong> service helps restore safety and prevent water damage. Pipes can fail for many reasons, including corrosion, pressure buildup, shifting ground, or aging materials. Serving homeowners throughout Tampa, FL, timely pipe repair helps protect your property while restoring reliable water flow.</p>
<!-- /wp:paragraph -->

<!-- wp:paragraph -->
<p>Even small pipe issues can escalate quickly if left untreated. Addressing leaks, cracks, or breaks early helps reduce repair costs and prevents structural damage to walls, floors, and foundations.</p>
<!-- /wp:paragraph -->

<!-- wp:separator -->
<hr class=""wp-block-separator has-alpha-channel-opacity""/>
<!-- /wp:separator -->

<!-- wp:heading -->
<h2 class=""wp-block-heading""><strong>Common Pipe Problems in Tampa Homes</strong></h2>
<!-- /wp:heading -->

<!-- wp:paragraph -->
<p>Pipe damage often begins with subtle warning signs. Low water pressure, unexplained increases in water bills, damp spots on walls or ceilings, or the sound of running water when fixtures are off may indicate a hidden issue. Homeowners searching for <strong>pipe leak repair Tampa</strong> or <strong>water pipe repair Tampa</strong> frequently experience these symptoms before discovering a more serious problem.</p>
<!-- /wp:paragraph -->

<!-- wp:paragraph -->
<p>Burst pipes are another common concern, particularly during pressure surges or material failure. A burst or broken pipe can release large amounts of water in a short time, causing extensive damage. Drain and sewer lines may also deteriorate over time, leading to blockages or backups that require <strong>drain pipe repair</strong> or <strong>sewer pipe repair Tampa</strong> services.</p>
<!-- /wp:paragraph -->

<!-- wp:paragraph -->
<p>If pipe damage is connected to drainage issues or buildup, related services such as <strong>Drain Cleaning</strong> may be recommended to restore proper flow and prevent future failures.</p>
<!-- /wp:paragraph -->

<!-- wp:separator -->
<hr class=""wp-block-separator has-alpha-channel-opacity""/>
<!-- /wp:separator -->

<!-- wp:heading -->
<h2 class=""wp-block-heading""><strong>How Pipe Repair Is Diagnosed and Performed</strong></h2>
<!-- /wp:heading -->

<!-- wp:paragraph -->
<p>Professional pipe repair begins with a detailed inspection to locate the source of the problem. Technicians assess visible plumbing, pressure levels, and pipe materials to determine the most effective repair approach. In many cases, advanced tools are used to identify hidden leaks without unnecessary damage to your home.</p>
<!-- /wp:paragraph -->

<!-- wp:paragraph -->
<p>Depending on the condition of the pipe, repairs may involve sealing leaks, replacing damaged sections, or reinforcing weakened areas. For underground or hard-to-reach lines, <strong>trenchless pipe repair Tampa</strong> options may be available, allowing repairs to be completed with minimal disruption to landscaping or flooring.</p>
<!-- /wp:paragraph -->

<!-- wp:paragraph -->
<p>Accurate diagnosis ensures the repair addresses the root cause rather than just the visible symptoms, reducing the likelihood of recurring issues.</p>
<!-- /wp:paragraph -->

<!-- wp:separator -->
<hr class=""wp-block-separator has-alpha-channel-opacity""/>
<!-- /wp:separator -->

<!-- wp:heading -->
<h2 class=""wp-block-heading""><strong>Pipe Repair Costs and Repair Options</strong></h2>
<!-- /wp:heading -->

<!-- wp:paragraph -->
<p>The cost of <strong>pipe repair Tampa</strong> homeowners experience depends on several factors, including pipe location, extent of damage, and repair method required. Minor leak repairs are typically more affordable, while burst pipes or sewer line repairs may involve additional labor and materials.</p>
<!-- /wp:paragraph -->

<!-- wp:paragraph -->
<p>Choosing professional repair instead of temporary fixes helps prevent repeat failures. DIY solutions such as clamps or sealants may provide short-term relief but often fail to address underlying damage. Professional repairs provide long-term reliability and help maintain the integrity of your plumbing system.</p>
<!-- /wp:paragraph -->

<!-- wp:paragraph -->
<p>According to the <strong>U.S. Environmental Protection Agency</strong>, household leaks can waste thousands of gallons of water annually, making p</p>
<!-- /wp:paragraph -->",,"Pipe Repair Tampa | Fast Burst & Leaking Pipe Solutions","Need pipe repair in Tampa? We fix leaking, burst, sewer, and drain pipes fast to prevent water damage. Call today for professional service.","pipe repair tampa"
1326,"Drain Cleaning","<!-- wp:paragraph -->
<p>When drains stop flowing properly, professional <strong>drain cleaning Tampa</strong> service helps restore your plumbing system before minor clogs turn into major problems. Slow drains, recurring blockages, and foul odors are common signs of buildup inside pipes that require expert attention. Serving homeowners throughout Tampa, FL, routine drain cleaning improves drainage, protects pipes, and helps prevent costly repairs.</p>
<!-- /wp:paragraph -->

<!-- wp:paragraph -->
<p>Drain issues rarely fix themselves. Addressing clogs early keeps wastewater moving freely and reduces strain on your plumbing system.</p>
<!-- /wp:paragraph -->

<!-- wp:separator -->
<hr class=""wp-block-separator has-alpha-channel-opacity""/>
<!-- /wp:separator -->

<!-- wp:heading -->
<h2 class=""wp-block-heading""><strong>Common Drain Problems in Tampa Homes</strong></h2>
<!-- /wp:heading -->

<!-- wp:paragraph -->
<p>Drain problems often begin gradually before becoming severe. Slow-draining sinks, standing water in tubs or showers, gurgling sounds, and unpleasant odors are common warning signs. Homeowners searching for <strong>drain cleaning near me</strong> frequently experience these symptoms when grease, soap residue, hair, or food particles build up inside pipes.</p>
<!-- /wp:paragraph -->

<!-- wp:paragraph -->
<p>Kitchen drains often clog due to grease and food debris, while bathroom drains are more likely to be affected by hair and soap scum. Main drain lines can also become blocked by accumulated waste or debris, leading to backups that affect multiple fixtures at once. When these issues arise, prompt <strong>clogged drain cleaning Tampa</strong> service helps prevent overflows and water damage.</p>
<!-- /wp:paragraph -->

<!-- wp:paragraph -->
<p>If drain problems are connected to pipe deterioration or leaks, related services such as <strong>Pipe Repair</strong> or <strong>Leak Detection &amp; Repair</strong> may be recommended to address underlying issues.</p>
<!-- /wp:paragraph -->

<!-- wp:separator -->
<hr class=""wp-block-separator has-alpha-channel-opacity""/>
<!-- /wp:separator -->

<!-- wp:heading -->
<h2 class=""wp-block-heading""><strong>How Professional Drain Cleaning Works</strong></h2>
<!-- /wp:heading -->

<!-- wp:paragraph -->
<p>Professional drain cleaning begins with identifying the location and cause of the blockage. Technicians evaluate affected drains and determine whether the issue is isolated or part of a larger system concern. Specialized equipment is then used to safely remove buildup without damaging pipes.</p>
<!-- /wp:paragraph -->

<!-- wp:paragraph -->
<p>Drain cleaning methods may include mechanical cleaning tools or high-pressure water techniques designed to clear stubborn debris and restore full pipe diameter. Unlike temporary chemical cleaners, professional cleaning removes the source of the blockage rather than pushing it further down the line.</p>
<!-- /wp:paragraph -->

<!-- wp:paragraph -->
<p>Homeowners searching for <strong>residential drain cleaning Tampa</strong> benefit from this thorough approach, which helps prevent recurring clogs and improves overall drainage performance.</p>
<!-- /wp:paragraph -->

<!-- wp:separator -->
<hr class=""wp-block-separator has-alpha-channel-opacity""/>
<!-- /wp:separator -->

<!-- wp:heading -->
<h2 class=""wp-block-heading""><strong>Drain Cleaning Costs and Frequency</strong></h2>
<!-- /wp:heading -->

<!-- wp:paragraph -->
<p>The cost of <strong>drain cleaning Tampa</strong> service varies depending on the severity of the clog, the location of the drain, and whether multiple drains are affected. Simple clogs are often resolved quickly, while main drain cleaning may require additional time and equipment.</p>
<!-- /wp:paragraph -->

<!-- wp:paragraph -->
<p>Routine drain cleaning can help prevent emergencies and reduce long-term plumbing costs. Many homeowners schedule preventative cleaning to maintain proper flow and avoid unexpected backups. Clear pricing and service explanations are provided before work begins, ensuring transparency and confidence in the solution.</p>
<!-- /wp:paragraph -->

<!-- wp:paragraph -->
<p>According to the <strong>U.S. Environmental Protection Agency</strong>, maintaining household plumbing systems helps reduce water waste and supports efficient wastewater flow.</p>
<!-- /wp:paragraph -->

<!-- wp:separator -->
<hr class=""wp-block-separator has-alpha-channel-opacity""/>
<!-- /wp:separator -->

<!-- wp:heading -->
<h2 class=""wp-block-heading""><strong>When Drain Cleaning Is the Right Solution</strong></h2>
<!-- /wp:heading -->

<!-- wp:paragraph -->
<p>Drain cleaning is often the most effective solution for slow drains, recurring clogs, and early backups. Addressing buildup early prevents pressure from increasing inside pipes, which can lead to cracks or leaks over time. Regular service helps extend the life of your plumbing system and keeps drains flowing smoothly.</p>
<!-- /wp:paragraph -->

<!-- wp:paragraph -->
<p>In some cases, recurring clogs may indicate a deeper issue such as pipe damage or sewer line concerns. During <strong>drain cleaning Tampa</strong> service visits, technicians evaluate whether additional services like <strong>Sewer Line Repair</strong> or <strong>Water Heater Maintenance</strong> are needed to ensure long-term system health.</p>
<!-- /wp:paragraph -->",,"Drain Cleaning Tampa - Restowrx Elite","Clogged drain? Call Restowrx Elite for expert drain cleaning in Tampa. Fast, reliable service to keep your pipes flowing!","drain cleaning tampa"
1340,"Water Heater Repair","<!-- wp:list -->
<ul class=""wp-block-list""><!-- wp:list-item -->
<li>Fast repairs for tank and tankless water heater systems</li>
<!-- /wp:list-item -->

<!-- wp:list-item -->
<li>Trusted water heater repair Tampa homeowners rely on</li>
<!-- /wp:list-item --></ul>
<!-- /wp:list -->

<!-- wp:paragraph -->
<p>When your system stops producing reliable hot water, professional <strong>water heater repair Tampa</strong> service helps restore comfort quickly and safely. Water heater issues can range from minor component failures to serious leaks or heating problems, and addressing them early can prevent costly damage. Serving homeowners throughout Tampa, FL, timely repairs ensure your system operates efficiently and safely year-round.</p>
<!-- /wp:paragraph -->

<!-- wp:paragraph -->
<p>Water heaters are essential to daily routines, and even small problems can disrupt your home. Whether you’re experiencing inconsistent temperatures, unusual noises, or a complete loss of hot water, proper diagnosis and repair are key to extending the life of your unit.</p>
<!-- /wp:paragraph -->

<!-- wp:separator -->
<hr class=""wp-block-separator has-alpha-channel-opacity""/>
<!-- /wp:separator -->

<!-- wp:heading -->
<h2 class=""wp-block-heading""><strong>Common Problems That Require Water Heater Repair</strong></h2>
<!-- /wp:heading -->

<!-- wp:paragraph -->
<p>Water heaters often show warning signs before a complete failure occurs. Some of the most common issues include fluctuating water temperatures, slow hot water recovery, discolored water, or strange popping and rumbling noises from the tank. Homeowners searching for <strong>hot water heater repair Tampa</strong> frequently encounter these symptoms after years of normal use.</p>
<!-- /wp:paragraph -->

<!-- wp:paragraph -->
<p>Leaks around the unit, corroded fittings, or faulty pressure relief valves can also indicate internal damage. In Tampa homes, mineral buildup from hard water can reduce efficiency and cause heating elements to overwork. If these issues are ignored, they may lead to tank failure or water damage.</p>
<!-- /wp:paragraph -->

<!-- wp:paragraph -->
<p>In some situations, water heater problems may be connected to broader plumbing concerns. Hidden leaks or deteriorating pipes can affect water pressure and system performance. When needed, related services such as <strong>Leak Detection &amp; Repair</strong> or <strong>Pipe Repair</strong> may be recommended to fully resolve the issue.</p>
<!-- /wp:paragraph -->

<!-- wp:separator -->
<hr class=""wp-block-separator has-alpha-channel-opacity""/>
<!-- /wp:separator -->

<!-- wp:heading -->
<h2 class=""wp-block-heading""><strong>How Water Heater Repair Is Diagnosed and Performed</strong></h2>
<!-- /wp:heading -->

<!-- wp:paragraph -->
<p>Professional water heater repair begins with a thorough inspection of the system. Technicians evaluate heating elements, thermostats, valves, electrical connections, and gas components to identify the exact cause of the problem. This diagnostic process ensures repairs address the root issue rather than temporary symptoms.</p>
<!-- /wp:paragraph -->

<!-- wp:paragraph -->
<p>Once the issue is identified, targeted repairs are completed to restore safe and efficient operation. Depending on the system, this may include replacing worn components, correcting pressure problems, or flushing sediment buildup. Homeowners searching for <strong>tampa water heater repair</strong> benefit from this detailed approach, as it helps prevent recurring issues and improves system longevity.</p>
<!-- /wp:paragraph -->

<!-- wp:paragraph -->
<p>For homes with tankless systems, specialized service may be required. In those cases, <strong>Tankless Water Heater Repair</strong> may be recommended to ensure proper handling of advanced components and manufacturer-specific requirements.</p>
<!-- /wp:paragraph -->

<!-- wp:separator -->
<hr class=""wp-block-separator has-alpha-channel-opacity""/>
<!-- /wp:separator -->

<!-- wp:heading -->
<h2 class=""wp-block-heading""><strong>Water Heater Repair Costs in Tampa</strong></h2>
<!-- /wp:heading -->

<!-- wp:paragraph -->
<p>The cost of <strong>water heater repair Tampa</strong> homeowners experience depends on the type of unit, severity of the issue, and whether replacement parts are required. Minor repairs, such as thermostat or valve replacements, are typically more affordable, while heating element failures or gas-related issues may involve additional labor.</p>
<!-- /wp:paragraph -->

<!-- wp:paragraph -->
<p>Addressing problems early is one of the most effective ways to control repair costs. Waiting too long can allow small issues to escalate into major system failures or full replacements. Homeowners receive clear explanations of repair options and pricing before work begins, allowing them to make informed decisions without surprises.</p>
<!-- /wp:paragraph -->

<!-- wp:paragraph -->
<p>According to guidance from the <strong>U.S. Department of Energy</strong>, routine maintenance and timely repairs can significantly extend the lifespan of water heaters and improve overall energy efficiency.</p>
<!-- /wp:paragraph -->

<!-- wp:separator -->
<hr class=""wp-block-separator has-alpha-channel-opacity""/>
<!-- /wp:separator -->

<!-- wp:heading -->
<h2 class=""wp-block-heading""><strong>When to Repair vs. Replace a Water Heater</strong></h2>
<!-- /wp:heading -->

<!-- wp:paragraph -->
<p>In many cases, repairing a water heater is the most cost-effective solution, especially when issues are caught early. Modern tank systems can often be repaired to restore full functionality and efficiency. However, units nearing the end of their lifespan or experiencing frequent breakdowns may benefit more from replacement.</p>
<!-- /wp:paragraph -->

<!-- wp:paragraph -->
<p>During <strong>water heater repair Tampa</strong> service visits, the condition of the system is evaluated to determine whether repair or replacement makes the most sense. When replacement is the better option, homeowners may be referred to <strong>Water Heater Installation</strong> services to ensure a smooth transition and proper setup of a new unit.</p>
<!-- /wp:paragraph -->

<!-- wp:paragraph -->
<p></p>
<!-- /wp:paragraph -->",,"Water Heater Repair Tampa | Fast & Reliable Hot Water Repair","Need expert water heater repair in Tampa? Restowrx Elite offers fast repairs for electric, gas, and tankless water heaters.","water heater repair tampa"
1666,"Sewer Line Repair","<!-- wp:paragraph -->
<p>When sewer problems disrupt your home, professional <strong>sewer line repair Tampa</strong> service is essential to prevent serious damage and health risks. Sewer line issues can cause backups, foul odors, slow drains, and property damage if left untreated. Serving homeowners throughout Tampa, FL, timely sewer line repair restores proper wastewater flow and protects your plumbing system from further deterioration.</p>
<!-- /wp:paragraph -->

<!-- wp:paragraph -->
<p>Because sewer lines are buried underground, problems often develop out of sight. Addressing issues early helps minimize damage, reduce repair costs, and avoid emergency situations.</p>
<!-- /wp:paragraph -->

<!-- wp:separator -->
<hr class=""wp-block-separator has-alpha-channel-opacity""/>
<!-- /wp:separator -->

<!-- wp:heading -->
<h2 class=""wp-block-heading""><strong>Common Signs of Sewer Line Problems</strong></h2>
<!-- /wp:heading -->

<!-- wp:paragraph -->
<p>Sewer line damage often begins with subtle warning signs that worsen over time. Frequent drain backups, slow-draining fixtures throughout the home, gurgling sounds from toilets or drains, and persistent sewage odors may indicate a damaged sewer line. Homeowners searching for <strong>sewer line repair near me</strong> commonly experience these symptoms before discovering a larger issue.</p>
<!-- /wp:paragraph -->

<!-- wp:paragraph -->
<p>In some cases, sewer line damage may be caused by aging pipes, corrosion, shifting soil, or tree root intrusion. Cracks or collapses in the line can allow wastewater to leak into surrounding soil, creating unsanitary conditions. When these issues arise, prompt <strong>residential sewer line repair Tampa</strong> service helps prevent contamination and structural damage.</p>
<!-- /wp:paragraph -->

<!-- wp:paragraph -->
<p>If sewer problems are related to heavy buildup or blockages, related services such as <strong>Drain Cleaning</strong> may be recommended to restore proper flow before repairs are completed.</p>
<!-- /wp:paragraph -->

<!-- wp:separator -->
<hr class=""wp-block-separator has-alpha-channel-opacity""/>
<!-- /wp:separator -->

<!-- wp:heading -->
<h2 class=""wp-block-heading""><strong>How Sewer Line Repair Is Diagnosed</strong></h2>
<!-- /wp:heading -->

<!-- wp:paragraph -->
<p>Accurate diagnosis is critical when dealing with sewer line issues. Professional sewer line repair begins with inspecting the system to locate the source and severity of the damage. Specialized equipment may be used to assess underground lines without unnecessary excavation.</p>
<!-- /wp:paragraph -->

<!-- wp:paragraph -->
<p>Once the issue is identified, repair options are evaluated based on pipe condition, location, and extent of damage. In many cases, <strong>trenchless sewer line repair Tampa</strong> solutions may be available, allowing repairs to be completed with minimal disruption to landscaping, driveways, or flooring.</p>
<!-- /wp:paragraph -->

<!-- wp:paragraph -->
<p>This diagnostic approach ensures repairs address the root cause rather than temporary symptoms, reducing the likelihood of recurring sewer problems.</p>
<!-- /wp:paragraph -->

<!-- wp:separator -->
<hr class=""wp-block-separator has-alpha-channel-opacity""/>
<!-- /wp:separator -->

<!-- wp:heading -->
<h2 class=""wp-block-heading""><strong>Sewer Line Repair Costs and Methods</strong></h2>
<!-- /wp:heading -->

<!-- wp:paragraph -->
<p>The cost of <strong>sewer line repair Tampa</strong> homeowners experience varies depending on factors such as pipe depth, extent of damage, and repair method used. Minor repairs may involve sealing or replacing a damaged section, while more severe cases may require partial line replacement.</p>
<!-- /wp:paragraph -->

<!-- wp:paragraph -->
<p>Trenchless repair methods can often reduce labor costs and restoration expenses compared to traditional excavation. During service visits, repair options and associated costs are explained clearly so homeowners can make informed decisions based on long-term reliability and budget.</p>
<!-- /wp:paragraph -->

<!-- wp:paragraph -->
<p>According to the <strong>U.S. Environmental Protection Agency</strong>, maintaining and repairing sewer infrastructure is essential to prevent wastewater contamination and protect public health.</p>
<!-- /wp:paragraph -->",,,,"sewer line repair tampa"
1667,"Water Heater Installation","<!-- wp:list -->
<ul class=""wp-block-list""><!-- wp:list-item -->
<li>Professional installation for tank and tankless water heaters</li>
<!-- /wp:list-item -->

<!-- wp:list-item -->
<li>Reliable water heater installation Tampa homeowners can depend on</li>
<!-- /wp:list-item --></ul>
<!-- /wp:list -->

<!-- wp:paragraph -->
<p>When it’s time for a new system, professional <strong>water heater installation Tampa</strong> service ensures your home has safe, efficient, and reliable hot water. Whether your current unit has failed, is outdated, or no longer meets your household’s needs, proper installation is critical for long-term performance. Serving homeowners throughout Tampa, FL, our team installs water heaters correctly the first time to help prevent leaks, inefficiency, and premature breakdowns.</p>
<!-- /wp:paragraph -->

<!-- wp:paragraph -->
<p>Water heater installation involves more than simply replacing an old unit. Proper sizing, venting, plumbing connections, and energy considerations all play a role in system reliability. Choosing professional installation helps protect your investment while ensuring your system meets local codes and manufacturer requirements.</p>
<!-- /wp:paragraph -->

<!-- wp:separator -->
<hr class=""wp-block-separator has-alpha-channel-opacity""/>
<!-- /wp:separator -->

<!-- wp:heading -->
<h2 class=""wp-block-heading""><strong>When It’s Time to Install a New Water Heater</strong></h2>
<!-- /wp:heading -->

<!-- wp:paragraph -->
<p>Many homeowners don’t realize their water heater is nearing the end of its lifespan until problems become unavoidable. Common signs that installation may be needed include inconsistent hot water, rust-colored water, visible corrosion, leaking tanks, or a unit that is more than 10–12 years old.</p>
<!-- /wp:paragraph -->

<!-- wp:paragraph -->
<p>In some cases, repairs may no longer be cost-effective. Repeated breakdowns, rising energy bills, or insufficient hot water for your household often signal that replacement is the better option. Homeowners searching for <strong>water heater installation Tampa FL</strong> frequently encounter these issues after experiencing a complete system failure.</p>
<!-- /wp:paragraph -->

<!-- wp:paragraph -->
<p>If water heater problems are accompanied by leaks or pipe deterioration, related services such as <strong>Leak Detection &amp; Repair</strong> or <strong>Pipe Repair</strong> may be recommended before installing a new unit to ensure the plumbing system is ready to support the replacement.</p>
<!-- /wp:paragraph -->

<!-- wp:separator -->
<hr class=""wp-block-separator has-alpha-channel-opacity""/>
<!-- /wp:separator -->

<!-- wp:heading -->
<h2 class=""wp-block-heading""><strong>How Water Heater Installation Is Performed</strong></h2>
<!-- /wp:heading -->

<!-- wp:paragraph -->
<p>Professional installation begins with evaluating your home’s hot water demands. Factors such as household size, peak usage, energy efficiency goals, and available space are considered when selecting the appropriate system. Both traditional tank water heaters and tankless options may be installed depending on your needs.</p>
<!-- /wp:paragraph -->

<!-- wp:paragraph -->
<p>Once the correct unit is chosen, technicians safely disconnect and remove the existing water heater before preparing plumbing, gas, or electrical connections. Proper venting, pressure relief, and secure fittings are essential to prevent leaks and ensure safe operation. After installation, the system is tested to confirm correct temperature regulation and reliable performance.</p>
<!-- /wp:paragraph -->

<!-- wp:paragraph -->
<p>In homes with mineral buildup or drainage issues, additional services like <strong>Drain Cleaning</strong> may be recommended to help maintain long-term system efficiency and prevent sediment-related problems.</p>
<!-- /wp:paragraph -->

<!-- wp:separator -->
<hr class=""wp-block-separator has-alpha-channel-opacity""/>
<!-- /wp:separator -->

<!-- wp:heading -->
<h2 class=""wp-block-heading""><strong>Water Heater Installation Costs in Tampa</strong></h2>
<!-- /wp:heading -->

<!-- wp:paragraph -->
<p>The cost of <strong>water heater installation Tampa</strong> homeowners experience depends on several factors, including the type of unit, system capacity, energy source, and installation complexity. Tank water heaters are generally more affordable upfront, while tankless systems may involve higher initial costs but offer long-term energy savings.</p>
<!-- /wp:paragraph -->

<!-- wp:paragraph -->
<p>Additional considerations such as venting upgrades, electrical modifications, or plumbing adjustments can also affect pricing. Homeowners receive clear explanations of installation costs before work begins, allowing them to choose the option that best fits their budget and long-term needs.</p>
<!-- /wp:paragraph -->

<!-- wp:paragraph -->
<p>According to guidance from the <strong>U.S. Department of Energy</strong>, properly installed and energy-efficient water heaters can significantly reduce household energy consumption, making professional installation an important investment in both comfort and efficiency.</p>
<!-- /wp:paragraph -->",,"Water Heater Installation Tampa | Restowrx Elite","Need water heater installation in Tampa? We install tank and tankless water heaters with proper sizing, safe connections, and upfront pricing.","water heater installation tampa"
1668,"Leak Detection &amp; Repair","<!-- wp:paragraph -->
<p>Water leaks can cause serious damage long before you notice a problem. Our <strong>leak detection and repair services in Tampa, FL</strong> are designed to locate hidden leaks quickly and fix them effectively. Using advanced tools like electronic listening devices, thermal imaging, and video inspections, we pinpoint leaks behind walls, under slabs, and underground without unnecessary digging or guesswork. Whether it’s a slow drip or a major burst, our repairs are long-lasting and help protect your home while saving you money on future water bills.</p>
<!-- /wp:paragraph -->

<!-- wp:heading {""level"":3} -->
<h3 class=""wp-block-heading""><strong>Common Signs</strong></h3>
<!-- /wp:heading -->

<!-- wp:paragraph -->
<p>You might need professional leak detection if you notice sudden spikes in your water bill, damp or discolored spots on walls or floors, musty odors, running water sounds when no fixtures are on, or low water pressure throughout your home. Even small leaks can lead to mold, wood rot, and structural damage if ignored, so catching issues early is critical.</p>
<!-- /wp:paragraph -->

<!-- wp:heading {""level"":3} -->
<h3 class=""wp-block-heading""><strong>Our Approach</strong></h3>
<!-- /wp:heading -->

<!-- wp:paragraph -->
<p>Our approach combines precision, efficiency, and care. We begin with a thorough inspection to identify the source of the leak, then perform durable repairs using high-quality materials that meet local plumbing standards. Every repair is tested to ensure your plumbing system is fully functional and leak-free before we finish the job.</p>
<!-- /wp:paragraph -->

<!-- wp:heading {""level"":3} -->
<h3 class=""wp-block-heading""><strong>Why Choose Us</strong></h3>
<!-- /wp:heading -->

<!-- wp:paragraph -->
<p>Homeowners in Tampa choose our team for <strong>leak detection and repair</strong> because we use advanced, non-invasive technology to locate leaks quickly, our technicians are trained and licensed, and we provide upfront pricing with no after-hour fees. Every job is performed with care to deliver lasting results and peace of mind. If you suspect a hidden leak, call <strong>Restowrx Elite</strong> today for fast, reliable, and professional service.</p>
<!-- /wp:paragraph -->",,,,"leak detection"
1669,"Tankless Water Heater Repair","<!-- wp:list -->
<ul class=""wp-block-list""><!-- wp:list-item -->
<li></li>
<!-- /wp:list-item --></ul>
<!-- /wp:list -->

<!-- wp:separator -->
<hr class=""wp-block-separator has-alpha-channel-opacity""/>
<!-- /wp:separator -->

<!-- wp:heading {""level"":1} -->
<h1 class=""wp-block-heading""><strong>Tankless Water Heater Repair in Tampa, FL</strong></h1>
<!-- /wp:heading -->

<!-- wp:list -->
<ul class=""wp-block-list""><!-- wp:list-item -->
<li>Expert repairs for residential tankless water heater systems</li>
<!-- /wp:list-item -->

<!-- wp:list-item -->
<li>Reliable tankless water heater repair Tampa homeowners can trust</li>
<!-- /wp:list-item --></ul>
<!-- /wp:list -->

<!-- wp:paragraph -->
<p>If your home is experiencing inconsistent hot water, system error codes, or sudden shutdowns, professional <strong>tankless water heater repair Tampa</strong> services can restore comfort quickly and safely. Tankless water heaters are efficient and long-lasting, but when issues arise, they require specialized knowledge to repair correctly. Our team provides dependable service throughout Tampa, FL, helping homeowners resolve problems before they turn into costly system failures.</p>
<!-- /wp:paragraph -->

<!-- wp:paragraph -->
<p>Because tankless units rely on advanced heating components, sensors, and precise water flow, even small issues can impact performance. Addressing problems early helps maintain efficiency, protect internal components, and extend the lifespan of your system.</p>
<!-- /wp:paragraph -->

<!-- wp:separator -->
<hr class=""wp-block-separator has-alpha-channel-opacity""/>
<!-- /wp:separator -->

<!-- wp:heading -->
<h2 class=""wp-block-heading""><strong>Common Problems That Affect Tankless Water Heaters</strong></h2>
<!-- /wp:heading -->

<!-- wp:paragraph -->
<p>Tankless water heaters often show warning signs before completely failing. Homeowners may notice fluctuating water temperatures, reduced hot water output, unusual noises, or recurring error messages displayed on the unit. These symptoms typically indicate internal component wear, mineral scale buildup, or improper water pressure.</p>
<!-- /wp:paragraph -->

<!-- wp:paragraph -->
<p>In Tampa homes, hard water and mineral content can accelerate scale accumulation inside heat exchangers, reducing efficiency and causing overheating. In other cases, issues with gas supply, electrical connections, or venting may interfere with normal operation. Homeowners searching for tankless water heater repair near Tampa often encounter these exact problems.</p>
<!-- /wp:paragraph -->

<!-- wp:paragraph -->
<p>Some tankless issues are also influenced by broader plumbing conditions. Hidden leaks or deteriorating pipes can disrupt water flow and pressure. When necessary, related services such as <strong>Leak Detection &amp; Repair</strong> or <strong>Pipe Repair</strong> may be recommended to fully resolve the issue and prevent repeat failures.</p>
<!-- /wp:paragraph -->

<!-- wp:separator -->
<hr class=""wp-block-separator has-alpha-channel-opacity""/>
<!-- /wp:separator -->

<!-- wp:heading -->
<h2 class=""wp-block-heading""><strong>How Tankless Water Heater Repairs Are Diagnosed</strong></h2>
<!-- /wp:heading -->

<!-- wp:paragraph -->
<p>Accurate diagnosis is essential when servicing tankless systems. Repairs begin with a full inspection of the unit to identify the root cause rather than treating surface symptoms. Technicians evaluate heating elements, flow sensors, electrical components, gas lines, and venting systems to ensure every part is functioning correctly.</p>
<!-- /wp:paragraph -->

<!-- wp:paragraph -->
<p>Water pressure and flow rate are also tested, as tankless units rely on precise conditions to activate properly. Mineral buildup, clogged filters, or restricted lines can all interfere with operation. In homes with recurring scale issues, maintenance-related solutions such as system flushing or <strong>Drain Cleaning</strong> may be recommended to improve long-term performance.</p>
<!-- /wp:paragraph -->

<!-- wp:paragraph -->
<p>This thorough approach allows tankless water heater repair Tampa services to restore efficiency, ensure safe operation, and reduce the risk of future breakdowns.</p>
<!-- /wp:paragraph -->

<!-- wp:separator -->
<hr class=""wp-block-separator has-alpha-channel-opacity""/>
<!-- /wp:separator -->

<!-- wp:heading -->
<h2 class=""wp-block-heading""><strong>Understanding Tankless Water Heater Repair Costs</strong></h2>
<!-- /wp:heading -->

<!-- wp:paragraph -->
<p>The cost of <strong>tankless water heater repair Tampa</strong> homeowners experience can vary depending on several factors. These include the type of tankless unit, the severity of the issue, and whether replacement parts are required. Minor repairs, such as sensor replacements or cleaning components, are typically more affordable, while electrical or gas-related repairs may require additional labor.</p>
<!-- /wp:paragraph -->

<!-- wp:paragraph -->
<p>Addressing problems early is one of the most effective ways to control repair costs. Delaying service can allow minor issues to escalate into major system damage or premature replacement. Homeowners are provided with clear explanations of repair needs and pricing before work begins, allowing for informed decisions without surprises.</p>
<!-- /wp:paragraph -->

<!-- wp:paragraph -->
<p>For additional information on tankless system efficiency and maintenance standards, the <strong>U.S. Department of Energy</strong> provides detailed guidance on how tankless water heaters operate and why proper upkeep is important for long-term performance.</p>
<!-- /wp:paragraph -->",,,"Need fast tankless water heater repair in Tampa, FL? Restowrx Elite provides expert diagnosis, upfront pricing. Call Today!","tankless water heater repair tampa fl"
1670,"Water Heater Maintenance","<!-- wp:paragraph -->
<p>Routine <strong>water heater maintenance</strong> is one of the most effective ways to keep your system running efficiently and avoid unexpected breakdowns. Homeowners who schedule regular service experience fewer repairs, better performance, and longer system lifespan. Our <strong>Tampa water heater maintenance</strong> services help ensure your unit operates safely and reliably throughout the year, especially during periods of high demand.</p>
<!-- /wp:paragraph -->

<!-- wp:paragraph -->
<p>Water heaters work hard every day, and without proper upkeep, sediment buildup and component wear can reduce efficiency and increase the risk of failure. Regular maintenance helps protect your investment while maintaining consistent hot water for your home.</p>
<!-- /wp:paragraph -->

<!-- wp:separator -->
<hr class=""wp-block-separator has-alpha-channel-opacity""/>
<!-- /wp:separator -->

<!-- wp:heading -->
<h2 class=""wp-block-heading""><strong>Why Regular Water Heater Maintenance Matters</strong></h2>
<!-- /wp:heading -->

<!-- wp:paragraph -->
<p>Over time, sediment and mineral deposits naturally collect inside water heaters, particularly in gas-powered systems. This buildup forces the unit to work harder to heat water, leading to higher energy bills and unnecessary strain on internal components. Homeowners searching for <strong>water heater maintenance near me</strong> often do so after noticing slower hot water recovery or unusual noises from the tank.</p>
<!-- /wp:paragraph -->

<!-- wp:paragraph -->
<p>Routine maintenance helps remove sediment, inspect critical safety components, and identify minor issues before they escalate into costly repairs. For gas systems, proper upkeep also ensures burners and ventilation systems operate safely. Without maintenance, small problems can shorten the lifespan of the unit and increase the likelihood of leaks or sudden failure.</p>
<!-- /wp:paragraph -->

<!-- wp:paragraph -->
<p>In some homes, maintenance issues may also be connected to broader plumbing conditions. If sediment buildup or corrosion is affecting nearby pipes, related services such as <strong>Drain Cleaning</strong> or <strong>Pipe Repair</strong> may be recommended to ensure long-term system performance.</p>
<!-- /wp:paragraph -->

<!-- wp:separator -->
<hr class=""wp-block-separator has-alpha-channel-opacity""/>
<!-- /wp:separator -->

<!-- wp:heading -->
<h2 class=""wp-block-heading""><strong>What’s Included in Professional Water Heater Maintenance</strong></h2>
<!-- /wp:heading -->

<!-- wp:paragraph -->
<p>Professional maintenance on a water heater involves a detailed inspection and service process designed to improve efficiency and safety. Technicians begin by checking temperature settings, pressure relief valves, and visible connections to ensure everything is operating correctly. Sediment buildup is addressed through controlled flushing when appropriate, helping restore proper heat transfer inside the tank.</p>
<!-- /wp:paragraph -->

<!-- wp:paragraph -->
<p>For gas systems, burners and ventilation are inspected to ensure safe combustion and airflow. Electrical components in electric water heaters are also evaluated for wear or damage. This comprehensive approach helps prevent unexpected failures and supports consistent hot water output.</p>
<!-- /wp:paragraph -->

<!-- wp:paragraph -->
<p>Homeowners looking for <strong>hot water heater maintenance</strong> benefit from this proactive service, as it reduces the risk of emergency repairs and improves overall system reliability.</p>
<!-- /wp:paragraph -->

<!-- wp:separator -->
<hr class=""wp-block-separator has-alpha-channel-opacity""/>
<!-- /wp:separator -->

<!-- wp:heading -->
<h2 class=""wp-block-heading""><strong>Water Heater Maintenance Costs and Frequency</strong></h2>
<!-- /wp:heading -->

<!-- wp:paragraph -->
<p>The cost of <strong>water heater maintenance</strong> is generally low compared to the expense of emergency repairs or premature replacement. Most homeowners find that annual maintenance provides the best balance of performance and protection. Older systems or homes with hard water may benefit from more frequent service to manage sediment buildup.</p>
<!-- /wp:paragraph -->

<!-- wp:paragraph -->
<p>Regular maintenance helps stabilize energy usage and reduce wear on internal components, making it a cost-effective long-term strategy. Before service begins, homeowners receive clear explanations of what maintenance includes and what to expect, ensuring transparency and peace of mind.</p>
<!-- /wp:paragraph -->

<!-- wp:paragraph -->
<p>According to the <strong>U.S. Department of Energy</strong>, routine water heater maintenance can significantly improve energy efficiency and extend the lifespan of residential water heating systems.</p>
<!-- /wp:paragraph -->",,"Water Heater Maintenance Tampa | Restowrx Elite","Need water heater maintenance in Tampa? Prevent breakdowns, improve efficiency, and extend system life with professional annual service.","water heater maintenance"
